{
  "epoch_losses": [
    2.7052538088067237,
    1.7845991376467585,
    1.5064265283807579,
    1.3583906875080878,
    1.2257247530623745,
    1.0632446632402281,
    0.9739750514506479,
    0.9196300342334315,
    0.8815197800372147,
    0.8532739601563156,
    0.8305207000924756,
    0.8124082506008352,
    0.7967931582512757,
    0.7835224438779678,
    0.7719719037378895,
    0.7612753172058475,
    0.7517381566704624,
    0.742637738208374,
    0.7341929272157289,
    0.7263072567999576,
    0.7189880812173673,
    0.7122510371880397,
    0.7066080968325561,
    0.7006918173494444,
    0.6955659442428401,
    0.6906981336054382,
    0.686227833830483,
    0.6819799298400595,
    0.6778992776951422,
    0.6741602857963137,
    0.6704676733903866,
    0.6668962791569021,
    0.6638314051299413,
    0.6609031981034524,
    0.6582139657810041,
    0.6553294723993724,
    0.6527749711710962,
    0.6504242868596326,
    0.6483032523271665,
    0.646148069011112,
    0.6444354168775751,
    0.6427801537219457,
    0.641489739240169,
    0.6398553893981078,
    0.6385750784542301,
    0.6377037871589092,
    0.6366179860715373,
    0.6359061524144723,
    0.6351290016075485,
    0.6347674952125608
  ],
  "epoch_lrs": [
    6.0009315323707494e-05,
    0.00012000931532370749,
    0.00018000931532370748,
    0.00024000931532370745,
    0.0003,
    0.0002996711467850762,
    0.000298686189280112,
    0.0002970499260990637,
    0.000294770328951673,
    0.00029185850380609757,
    0.0002883286367817511,
    0.00028419792503595515,
    0.0002794864929811175,
    0.00027421729424061787,
    0.000268415999821062,
    0.0002621108730457179,
    0.00025533263185844587,
    0.0002481142991689638,
    0.00024049104196855077,
    0.00023249999999999999,
    0.00022418010481652543,
    0.0002155718901111481,
    0.00020671729424061788,
    0.00019765945590595512,
    0.0001884425039850356,
    0.0001791113425411332,
    0.00016971143205483767,
    0.0001602885679451624,
    0.0001508886574588668,
    0.0001415574960149644,
    0.00013234054409404485,
    0.00012328270575938212,
    0.00011442810988885185,
    0.00010581989518347453,
    9.750000000000003e-05,
    8.950895803144919e-05,
    8.188570083103614e-05,
    7.466736814155418e-05,
    6.788912695428212e-05,
    6.158400017893799e-05,
    5.578270575938211e-05,
    5.0513507018882495e-05,
    4.580207496404486e-05,
    4.167136321824887e-05,
    3.814149619390237e-05,
    3.522967104832694e-05,
    3.2950073900936234e-05,
    3.1313810719888e-05,
    3.0328853214923733e-05,
    2.9999999999999997e-05
  ],
  "val_epoch_losses": [
    6.486810667174203,
    6.435562235968454,
    6.558064154216221,
    6.748242684773037,
    6.555460759571621,
    6.721492409706116,
    6.748499257223947,
    6.6769706692014426,
    6.521313309669495,
    6.493250659533909,
    6.626939484051296,
    6.670458725520542,
    6.485044530459812,
    6.595059667314802,
    6.626092093331473,
    6.634879520961216,
    6.563519375664847,
    6.678027340344021,
    6.725246378353664,
    6.715602346829006,
    6.508281588554382,
    6.711908834321158,
    6.6275205952780585,
    6.67363977432251,
    6.652499675750732,
    6.6310698475156515,
    6.696026921272278,
    6.549614753041949,
    6.854133793285915,
    6.5779918772833685,
    6.82258437361036,
    6.7016764879226685,
    6.753990633147104,
    6.735647439956665,
    6.792351484298706,
    6.7562077556337625,
    6.847499983651297,
    6.798637543405805,
    6.908131190708706,
    6.77727336542947,
    6.83571606022971,
    6.836467862129211,
    6.870143515723092,
    6.9648847579956055,
    6.90831800869533,
    6.908544387136187,
    6.87721814428057,
    6.858660442488534,
    6.895121506282261,
    6.855474540165493
  ],
  "config": {
    "d_model": 128,
    "d_ff": 512,
    "num_heads": 4,
    "enc_layers": 3,
    "dec_layers": 3,
    "use_cross_attn": true
  }
}