{
  "epoch_losses": [
    2.85283599779336,
    1.947474419302571,
    1.6693838792749673,
    1.5341381058895038,
    1.456197806293782,
    1.4055656273900639,
    1.3720517017108056,
    1.3501057745673386,
    1.3340054883884358,
    1.3219553462246008,
    1.3121942823448827,
    1.3040544859390601,
    1.2973262386613706,
    1.2913711293479186,
    1.286140200570214,
    1.2814848144645554,
    1.2771949042187143,
    1.2734379210914075,
    1.2698069270992294,
    1.266644632681207,
    1.2635119995184705,
    1.2607105367395786,
    1.2579753740735906,
    1.25538706612909,
    1.253027805666101,
    1.2506093626491699,
    1.2486168795575119,
    1.2464354645112086,
    1.244635579360603,
    1.242698015624036,
    1.2409153198385217,
    1.239244113222373,
    1.2375903501215975,
    1.236116243471105,
    1.2345992047082301,
    1.233144948190459,
    1.23204663097442,
    1.2307608800170549,
    1.2296623102424122,
    1.2286650530763747,
    1.2276422097212483,
    1.2267490036645636,
    1.2260064183879096,
    1.225076050681369,
    1.2246258365239922,
    1.224165382601426,
    1.2237220593924627,
    1.2230373571015647,
    1.222779440835403,
    1.2225153988663628
  ],
  "epoch_lrs": [
    6.0009315323707494e-05,
    0.00012000931532370749,
    0.00018000931532370748,
    0.00024000931532370745,
    0.0003,
    0.0002996711467850762,
    0.000298686189280112,
    0.0002970499260990637,
    0.000294770328951673,
    0.00029185850380609757,
    0.0002883286367817511,
    0.00028419792503595515,
    0.0002794864929811175,
    0.00027421729424061787,
    0.000268415999821062,
    0.0002621108730457179,
    0.00025533263185844587,
    0.0002481142991689638,
    0.00024049104196855077,
    0.00023249999999999999,
    0.00022418010481652543,
    0.0002155718901111481,
    0.00020671729424061788,
    0.00019765945590595512,
    0.0001884425039850356,
    0.0001791113425411332,
    0.00016971143205483767,
    0.0001602885679451624,
    0.0001508886574588668,
    0.0001415574960149644,
    0.00013234054409404485,
    0.00012328270575938212,
    0.00011442810988885185,
    0.00010581989518347453,
    9.750000000000003e-05,
    8.950895803144919e-05,
    8.188570083103614e-05,
    7.466736814155418e-05,
    6.788912695428212e-05,
    6.158400017893799e-05,
    5.578270575938211e-05,
    5.0513507018882495e-05,
    4.580207496404486e-05,
    4.167136321824887e-05,
    3.814149619390237e-05,
    3.522967104832694e-05,
    3.2950073900936234e-05,
    3.1313810719888e-05,
    3.0328853214923733e-05,
    2.9999999999999997e-05
  ],
  "val_epoch_losses": [
    6.98024616922651,
    7.508844801357815,
    7.436648947851999,
    7.636470181601388,
    7.706707460539682,
    7.588769810540335,
    7.563168202127729,
    7.566348825182233,
    7.589073726109096,
    7.429180996758597,
    7.441608360835484,
    7.510739735194615,
    7.479136449950082,
    7.338627730097089,
    7.201392122677395,
    7.293742588588169,
    7.211537752832685,
    7.143103054591587,
    7.4204751934324,
    7.302891118185861,
    7.290997215679714,
    7.313780614307949,
    7.389238221304757,
    7.32967163835253,
    7.3595651388168335,
    7.307345424379621,
    7.394223553793771,
    7.396290097917829,
    7.310371279716492,
    7.423213073185512,
    7.384904418672834,
    7.401753323418753,
    7.46838230746133,
    7.385096039090838,
    7.473202330725534,
    7.397147076470511,
    7.443600961140224,
    7.44279226234981,
    7.470538241522653,
    7.421044979776655,
    7.4511853115899225,
    7.545109152793884,
    7.504231367792402,
    7.483622806412833,
    7.486720783369882,
    7.493938156536648,
    7.523363181522915,
    7.5508387088775635,
    7.546624166624887,
    7.556099568094526
  ],
  "config": {
    "d_model": 128,
    "d_ff": 512,
    "num_heads": 4,
    "enc_layers": 2,
    "dec_layers": 2,
    "use_cross_attn": false
  }
}